{
  "contracts": [
    {
      "id": "2026420031",
      "direct": "N",
      "description": "Playwright is amazing",
      "valuationAmount": "2426.23",
      "valuationClass": "A5R",
      "productTemplate": "corporatePension",
      "lgProductHoldingType": "AQ",
      "inceptionDate": 1086044400000,
      "startMonth": "06",
      "startYear": "2004",
      "valuationDate": 1603234800000,
      "productGroupTypeDescription": "Pension - Workplace",
      "productAreaType": "AB",
      "productAreaTypeDescription": "Pensions and Retirement",
      "uninsuredContractId": null,
      "insuredValue": null,
      "uninsuredValue": null,
      "endpointURL": null,
      "displayDetail": "MYA",
      "contractType": "MYA",
      "schemeId": "GF15585000",
      "displayPolicyId": "2026420031",
      "isAbleToUpdateDetails": false,
      "isEndpointExternal": false,
      "isPartialFailure": false,
      "isExcludedFromDocuments": false,
      "isDocumentFormatSupported": false,
      "isFPIP": false
    },
    {
      "id": "0213205461",
      "direct": "N",
      "description": "Life Insurance",
      "valuationAmount": null,
      "valuationClass": "3101",
      "productTemplate": "mortgageLife",
      "lgProductHoldingType": "AB",
      "inceptionDate": 1561935600000,
      "startMonth": "07",
      "startYear": "2019",
      "valuationDate": null,
      "productGroupTypeDescription": "Life Cover",
      "productAreaType": "AC",
      "productAreaTypeDescription": "Insurance",
      "uninsuredContractId": null,
      "insuredValue": null,
      "uninsuredValue": null,
      "endpointURL": null,
      "displayDetail": "Y",
      "contractType": "DEF",
      "schemeId": null,
      "displayPolicyId": "0213205461",
      "isAbleToUpdateDetails": true,
      "isEndpointExternal": false,
      "isPartialFailure": false,
      "isExcludedFromDocuments": false,
      "isDocumentFormatSupported": true,
      "isFPIP": false
    }
  ],
  "direct": "N",
  "brandName": "LandG Core",
  "granteeExists": "N",
  "hasDefaultServiceResponse": true,
  "hasGraphqlServiceResponse": false,
  "ableToUpdateDetailsStatus": "forSomeProducts",
  "entitlement": "hpaxerpCh8vo7WakRzqpsaT1pSSK2ZsGxXUk8xWxmqEscabWEWEr4tgnY4RGuyVOY6YSouD8sLz3/UobWgrKOahBzAJ1SU+Qo1wSpGkzlCU1+dfOXadN7GEwmZXGGozt7FoPaNT1jxlonaA4w9aBtoJ4PlU/3PrW9OQ7o7WBdyNXqw/2oiBzI5X19W5jeRCf",
  "isDocumentFormatSupported": true,
  "isFilterOn": false
}
