{
  "mya": {
    "test": {
      "s3_bucket_app_name": "mya-frontend",
      "bucket_name": "test-mya-frontend",
      "exe_role_arn": "arn:aws:iam::785195748382:role/AWSLandingZoneTerraformStaticHostingPlannerExecutionRole",
      "exe_role_timeout": "3600"
    },
    "preprod": {
      "s3_bucket_app_name": "mya-frontend",
      "bucket_name": "preprod-mya-frontend",
      "exe_role_arn": "arn:aws:iam::563631588829:role/AWSLandingZoneTerraformStaticHostingPlannerExecutionRole",
      "exe_role_timeout": "3600"
    },
    "prod": {
      "s3_bucket_app_name": "mya-frontend",
      "bucket_name": "prod-mya-frontend",
      "exe_role_arn": "arn:aws:iam::184464650334:role/AWSLandingZoneTerraformStaticHostingPlannerExecutionRole",
      "exe_role_timeout": "3600"
    },
    "visualChecksEnabled": true
  },
  "oss": {
    "test": {
      "s3_bucket_app_name": "oss-frontend",
      "bucket_name": "test-lg-oss-frontend",
      "exe_role_arn": "arn:aws:iam::419515473130:role/AWSLandingZoneTerraformStaticHostingPlannerExecutionRole",
      "exe_role_timeout": "3600"
    },
    "preprod": {
      "s3_bucket_app_name": "oss-frontend",
      "bucket_name": "preprod-lg-oss-frontend",
      "exe_role_arn": "arn:aws:iam::988772693252:role/AWSLandingZoneTerraformStaticHostingPlannerExecutionRole",
      "exe_role_timeout": "3600"
    },
    "prod": {
      "s3_bucket_app_name": "oss-frontend",
      "bucket_name": "prod-lg-oss-frontend",
      "exe_role_arn": "arn:aws:iam::178860909984:role/AWSLandingZoneTerraformStaticHostingPlannerExecutionRole",
      "exe_role_timeout": "3600"
    },
    "visualChecksEnabled": true
  },
  "ma": {
    "test": {
      "s3_bucket_app_name": "ma-frontend",
      "bucket_name": "test-ma-frontend",
      "exe_role_arn": "arn:aws:iam::543740480023:role/AWSLandingZoneTerraformStaticHostingPlannerExecutionRole",
      "exe_role_timeout": "3600"
    },
    "preprod": {
      "s3_bucket_app_name": "ma-frontend",
      "bucket_name": "preprod-ma-frontend",
      "exe_role_arn": "arn:aws:iam::862121662563:role/AWSLandingZoneTerraformStaticHostingPlannerExecutionRole",
      "exe_role_timeout": "3600"
    },
    "prod": {
      "s3_bucket_app_name": "ma-frontend",
      "bucket_name": "prod-ma-frontend",
      "exe_role_arn": "arn:aws:iam::935525003463:role/AWSLandingZoneTerraformStaticHostingPlannerExecutionRole",
      "exe_role_timeout": "3600"
    },
    "visualChecksEnabled": true
  },
  "mvrk": {
    "test": {
      "s3_bucket_app_name": "cf-mvrk-frontend",
      "bucket_name": "test-cf-mvrk-frontend",
      "exe_role_arn": "arn:aws:iam::984678812745:role/landg-scram-pipeline",
      "exe_role_timeout": "3600"
    },
    "preprod": {
      "s3_bucket_app_name": "cf-mvrk-frontend",
      "bucket_name": "preprod-cf-mvrk-frontend",
      "exe_role_arn": "arn:aws:iam::659842077287:role/landg-scram-pipeline",
      "exe_role_timeout": "3600"
    },
    "prod": {
      "s3_bucket_app_name": "cf-mvrk-frontend",
      "bucket_name": "prod-cf-mvrk-frontend",
      "exe_role_arn": "arn:aws:iam::042820075182:role/landg-scram-pipeline",
      "exe_role_timeout": "3600"
    },
    "visualChecksEnabled": true
  },
  "scram": {
    "test": {
      "s3_bucket_app_name": "cf-scram-frontend",
      "bucket_name": "test-cf-scram-frontend",
      "exe_role_arn": "arn:aws:iam::984678812745:role/landg-scram-pipeline",
      "exe_role_timeout": "3600"
    },
    "preprod": {
      "s3_bucket_app_name": "cf-scram-frontend",
      "bucket_name": "preprod-cf-scram-frontend",
      "exe_role_arn": "arn:aws:iam::659842077287:role/landg-scram-pipeline",
      "exe_role_timeout": "3600"
    },
    "prod": {
      "s3_bucket_app_name": "cf-scram-frontend",
      "bucket_name": "prod-cf-scram-frontend",
      "exe_role_arn": "arn:aws:iam::042820075182:role/landg-scram-pipeline",
      "exe_role_timeout": "3600"
    },
    "visualChecksEnabled": true
  }
}
