{
  "swagger": "2.0",
  "info": {
    "description": "A mock service providing operations for all the API calls used by My Account.",
    "version": "1",
    "title": "Legal & General My Account Mock API"
  },
  "schemes": ["http"],
  "consumes": ["application/json"],
  "produces": ["application/json"],
  "paths": {
    "/portfolio-service/portfolio-summaries": {
      "get": {
        "tags": ["Portfolio Service"],
        "summary": "Returns summary information of all products for the specified partyId",
        "parameters": [
          {
            "name": "partyId",
            "in": "query",
            "required": true,
            "description": "The customers partyId",
            "schema": {
              "type": "string"
            }
          }
        ],
        "responses": {
          "200": {},
          "404": {
            "description": "The specified partyID is unknown"
          },
          "500": {
            "description": "Something unexpected went wrong on the server"
          }
        }
      }
    },
    "/contract-details-service/contract-details/v2": {
      "post": {
        "tags": ["Contract Details Service"],
        "summary": "Returns detailed information of all products for the specified partyId and contractIds",
        "parameters": [
          {
            "name": "ContractDetailsRequest",
            "in": "body",
            "required": true,
            "description": "An object specifying which products to return for the specified partyId",
            "schema": {
              "$ref": "#/definitions/ContractDetailsRequest"
            }
          }
        ],
        "responses": {
          "200": {},
          "404": {
            "description": "The specified partyID is unknown"
          },
          "500": {
            "description": "Something unexpected went wrong on the server"
          }
        }
      }
    },
    "/contract-details-service/contract-details/payment-history": {
      "get": {
        "tags": ["Contract Details Service"],
        "summary": "Returns 18 months of payment history for the specified partyId and contractId",
        "parameters": [
          {
            "name": "ContractDetailsRequest",
            "in": "body",
            "required": true,
            "description": "An array object with paymeny history for the specified partyId",
            "schema": {
              "$ref": "#/definitions/ContractDetailsRequest"
            }
          }
        ],
        "responses": {
          "200": {},
          "404": {
            "description": "The specified partyID is unknown"
          },
          "500": {
            "description": "Something unexpected went wrong on the server"
          }
        }
      }
    },
    "/customer-profile/profiles/{partyId}": {
      "get": {
        "tags": ["Customer Profile"],
        "summary": "Returns customer profile information",
        "parameters": [
          {
            "name": "partyId",
            "in": "path",
            "required": true,
            "description": "The customers partyId",
            "schema": {
              "type": "string"
            }
          }
        ],
        "responses": {
          "200": {
            "description": "Returns the customer profile data"
          },
          "404": {
            "description": "The specified partyID is unknown"
          },
          "500": {
            "description": "Something unexpected went wrong on the server"
          }
        }
      }
    },
    "/customer-profile/profiles/{partyId}/encryption": {
      "get": {
        "tags": ["Customer Profile"],
        "summary": "Returns encrypted customer profile information",
        "parameters": [
          {
            "name": "partyId",
            "in": "path",
            "required": true,
            "description": "The customers partyId",
            "schema": {
              "type": "string"
            }
          }
        ],
        "responses": {
          "200": {},
          "404": {
            "description": "The specified partyID is unknown"
          },
          "500": {
            "description": "Something unexpected went wrong on the server"
          }
        }
      }
    },
    "/customer-profile/marital-statuses": {
      "get": {
        "tags": ["Customer Profile"],
        "summary": "Returns a list of marital statuses",
        "responses": {
          "200": {},
          "404": {
            "description": "The specified partyID is unknown"
          },
          "500": {
            "description": "Something unexpected went wrong on the server"
          }
        }
      }
    },
    "/customer-profile/profiles/{partyId}/marital-status": {
      "put": {
        "tags": ["Customer Profile"],
        "summary": "Updates the customers marital status",
        "parameters": [
          {
            "name": "partyId",
            "in": "path",
            "required": true,
            "description": "The customers partyId",
            "schema": {
              "type": "string"
            }
          },
          {
            "name": "MaritalStatus",
            "in": "body",
            "required": true,
            "description": "An object containing the customers marital status",
            "schema": {
              "$ref": "#/definitions/MaritalStatus"
            }
          }
        ],
        "responses": {
          "200": {},
          "404": {
            "description": "The specified partyID is unknown"
          },
          "500": {
            "description": "Something unexpected went wrong on the server"
          }
        }
      }
    },
    "/customer-profile/profiles/{partyId}/email-addresses": {
      "put": {
        "tags": ["Customer Profile"],
        "summary": "Updates the customers personal and work email addresses",
        "parameters": [
          {
            "name": "partyId",
            "in": "path",
            "required": true,
            "description": "The customers partyId",
            "schema": {
              "type": "string"
            }
          },
          {
            "name": "EmailAddresses",
            "in": "body",
            "required": true,
            "description": "An object containing the customers personal and work email addresses",
            "schema": {
              "$ref": "#/definitions/EmailAddresses"
            }
          }
        ],

        "responses": {
          "200": {},
          "404": {
            "description": "The specified partyID is unknown"
          },
          "500": {
            "description": "Something unexpected went wrong on the server"
          }
        }
      }
    },
    "/customer-profile/profiles/{partyId}/telephone-numbers": {
      "put": {
        "tags": ["Customer Profile"],
        "summary": "Updates the customers personal, mobile and work phone numbers",
        "parameters": [
          {
            "name": "partyId",
            "in": "path",
            "required": true,
            "description": "The customers partyId",
            "schema": {
              "type": "string"
            }
          },
          {
            "name": "TelephoneNumbers",
            "in": "body",
            "required": true,
            "description": "An object containing the customers personal, mobile and work phone numbers",
            "schema": {
              "$ref": "#/definitions/TelephoneNumbers"
            }
          }
        ],
        "responses": {
          "200": {},
          "404": {
            "description": "The specified partyID is unknown"
          },
          "500": {
            "description": "Something unexpected went wrong on the server"
          }
        }
      }
    },
    "/customer-profile/profiles/{partyId}/marketing-preferences": {
      "put": {
        "tags": ["Customer Profile"],
        "summary": "Updates the customers marketing preferences",
        "parameters": [
          {
            "name": "partyId",
            "in": "path",
            "required": true,
            "description": "The customers partyId",
            "schema": {
              "type": "string"
            }
          },
          {
            "name": "MarketingPreferences",
            "in": "body",
            "required": true,
            "description": "An object containing the customers marketing preferences",
            "schema": {
              "$ref": "#/definitions/MarketingPreferences"
            }
          }
        ],
        "responses": {
          "200": {},
          "404": {
            "description": "The specified partyID is unknown"
          },
          "500": {
            "description": "Something unexpected went wrong on the server"
          }
        }
      }
    },
    "/api/v1/features": {
      "get": {
        "tags": ["V1 API"],
        "summary": "Returns feature toggle settings",
        "responses": {
          "200": {},
          "500": {
            "description": "Something unexpected went wrong on the server"
          }
        }
      }
    },
    "/message-service/conversations": {
      "get": {
        "tags": ["Message Service"],
        "summary": "Returns a list of conversations for the specified partyId",
        "parameters": [
          {
            "name": "partyId",
            "in": "query",
            "required": true,
            "description": "The customers partyId",
            "schema": {
              "type": "string"
            }
          }
        ],
        "responses": {
          "200": {},
          "404": {
            "description": "The specified partyID is unknown"
          },
          "500": {
            "description": "Something unexpected went wrong on the server"
          }
        }
      }
    },
    "/message-service/notifications": {
      "get": {
        "tags": ["Message Service"],
        "summary": "Returns a list of notifications for the specified partyId",
        "description": "TBC",
        "parameters": [
          {
            "name": "partyId",
            "in": "query",
            "required": true,
            "description": "The customers partyId",
            "schema": {
              "type": "string"
            }
          }
        ],
        "responses": {
          "200": {},
          "404": {
            "description": "The specified partyID is unknown"
          },
          "500": {
            "description": "Something unexpected went wrong on the server"
          }
        }
      }
    },
    "/message-service/count-summary": {
      "get": {
        "tags": ["Message Service"],
        "summary": "REturns summary message count information for the specified partyId",
        "parameters": [
          {
            "name": "partyId",
            "in": "query",
            "required": true,
            "description": "The customers partyId",
            "schema": {
              "type": "string"
            }
          }
        ],
        "responses": {
          "200": {},
          "404": {
            "description": "The specified partyID is unknown"
          },
          "500": {
            "description": "Something unexpected went wrong on the server"
          }
        }
      }
    },
    "/document-service/documents": {
      "post": {
        "tags": ["Document Service"],
        "summary": "Returns a list of documents for the specified partyID and contractIds",
        "parameters": [
          {
            "name": "DocumentsRequest",
            "in": "body",
            "required": true,
            "description": "An object specifying which contractIds to return documents for",
            "schema": {
              "$ref": "#/definitions/DocumentsRequest"
            }
          }
        ],
        "responses": {
          "200": {},
          "404": {
            "description": "The specified partyID is unknown"
          },
          "500": {
            "description": "Something unexpected went wrong on the server"
          }
        }
      }
    }
  },
  "definitions": {
    "ContractDetailsRequest": {
      "type": "object",
      "properties": {
        "partyId": {
          "type": "string",
          "nullable": false,
          "description": "The customers partyId"
        },
        "contractType": {
          "type": "string",
          "nullable": false,
          "description": "TBC"
        },
        "entitlement": {
          "type": "string",
          "nullable": false,
          "description": "TBC"
        },
        "contracts": {
          "type": "array",
          "optional": true,
          "description": "An array of contract ids for which to retrieve the details for",
          "items": {
            "type": "object",
            "properties": {
              "contractId": {
                "type": "string",
                "nullable": false,
                "description": "The contract Id"
              },
              "productHoldingType": {
                "type": "string",
                "nullable": false,
                "description": "TBC"
              },
              "valuationClass": {
                "type": "string",
                "nullable": false,
                "description": "TBC"
              }
            }
          }
        }
      }
    },
    "DocumentsRequest": {
      "type": "object",
      "properties": {
        "contracts": {
          "type": "array",
          "optional": true,
          "description": "An array of contract ids for which to retrieve the documents for",
          "items": {
            "type": "object",
            "properties": {
              "contractId": {
                "type": "string",
                "nullable": false,
                "description": "The contract Id"
              }
            }
          }
        },
        "partyId": {
          "type": "string",
          "nullable": false,
          "description": "The customers partyId"
        }
      }
    },
    "MaritalStatus": {
      "type": "object",
      "properties": {
        "maritalStatus": {
          "type": "string",
          "nullable": false,
          "description": "The customers marital status"
        }
      }
    },
    "EmailAddresses": {
      "type": "object",
      "properties": {
        "personal": {
          "type": "string",
          "nullable": true,
          "description": "The customers personal email address"
        },
        "work": {
          "type": "string",
          "nullable": true,
          "description": "The customers work email address"
        }
      }
    },
    "TelephoneNumbers": {
      "type": "object",
      "properties": {
        "home": {
          "type": "string",
          "nullable": true,
          "description": "The customers home phone number"
        },
        "mobile": {
          "type": "string",
          "nullable": true,
          "description": "The customers mobile phone number"
        },
        "work": {
          "type": "string",
          "nullable": true,
          "description": "The customers work phone number"
        }
      }
    },
    "MarketingPreferences": {
      "type": "object",
      "properties": {
        "email": {
          "type": "boolean",
          "nullable": true
        },
        "online": {
          "type": "boolean",
          "nullable": true
        },
        "post": {
          "type": "boolean",
          "nullable": true
        },
        "sms": {
          "type": "boolean",
          "nullable": true
        },
        "telephone": {
          "type": "boolean",
          "nullable": true
        }
      }
    }
  }
}
