{
  "testdata": [
    {
      "username": "andrew.hopkins",
      "password": "thisisatest",
      "email": "andrew.hopkins@landg.com",
      "mobile": "07825 111111",
      "dob": "14/02/1975",
      "postcode": "CF140EZ",
      "family_name": "Hopkins",
      "given_name": "Andrew",
      "terms": true,
      "multi_context": false,
      "error_code": ""
    },
    {
      "username": "andy.hopkins",
      "password": "thisisatest",
      "email": "andy.hopkins@landg.com",
      "mobile": "07825 111111",
      "dob": "14/02/1975",
      "postcode": "AA11AA",
      "family_name": "Hopkins",
      "given_name": "Andy",
      "terms": true,
      "multi_context": true,
      "error_code": ""
    },
    {
      "username": "multi.account",
      "password": "thisisatest",
      "email": "multi.account@landg.com",
      "mobile": "07825 111111",
      "dob": "10/01/1980",
      "postcode": "AA11AA",
      "family_name": "Account",
      "given_name": "Multi",
      "terms": false,
      "multi_context": false,
      "error_code": "SCL006"
    },
    {
      "username": "session.timeout",
      "password": "thisisatest",
      "email": "session.timeout@landg.com",
      "mobile": "07825 111111",
      "dob": "10/01/1980",
      "postcode": "AA11AA",
      "family_name": "Timeout",
      "given_name": "Session",
      "terms": false,
      "multi_context": false,
      "error_code": "timeout"
    },
    {
      "username": "emma.serra",
      "password": "Cl0udyday258",
      "email": "emma.serra@landg.com",
      "mobile": "07764752341",
      "dob": "13/10/1980",
      "postcode": "BN37PY",
      "family_name": "Serra",
      "given_name": "Emma",
      "terms": false,
      "multi_context": false,
      "error_code": ""
    },
    {
      "username": "joyanta.raksmith",
      "password": "thisisatest",
      "email": "joyanta.raksmith@landg.com",
      "mobile": "07754 259860",
      "dob": "29/12/1978",
      "postcode": "DA15RP",
      "family_name": "Raksmith",
      "given_name": "Joyanta",
      "terms": false,
      "multi_context": false,
      "error_code": ""
    },
    {
      "username": "!$!$!$!$",
      "password": "Cl0udyday258",
      "email": "joe.blogger@landg.com",
      "mobile": "07764752341",
      "dob": "13/10/1980",
      "postcode": "BN37PY",
      "family_name": "Joe",
      "given_name": "Blogger",
      "terms": false,
      "multi_context": false,
      "error_code": ""
    },
    {
      "username": "daniel.sotropa",
      "password": "thisisatest",
      "email": "daniel.sotroapa@landg.com",
      "mobile": "0753 331633",
      "dob": "14/03/1991",
      "postcode": "DA15RP",
      "family_name": "Daniel",
      "given_name": "Sotropa",
      "terms": false,
      "multi_context": false,
      "error_code": ""
    },
    {
      "username": "anastasiia.fomenko",
      "password": "thisisatest",
      "email": "anastasiia.fomenko@landg.com",
      "mobile": "07936640309",
      "dob": "06/04/1999",
      "postcode": "DA15RP",
      "family_name": "Anastasiia",
      "given_name": "Fomenko",
      "terms": false,
      "multi_context": false,
      "error_code": ""
    },
    {
      "username": "bende.nku",
      "password": "testingLad@2",
      "email": "bende.nku@landg.com",
      "mobile": "07944818182",
      "dob": "01/01/2000",
      "postcode": "DA15RP",
      "family_name": "bende",
      "given_name": "nku",
      "terms": false,
      "multi_context": false,
      "error_code": ""
    },
    {
      "username": "scram.test",
      "password": "testingLad@2",
      "email": "scram.test@landg.com",
      "dob": "11/11/1990",
      "postcode": "DA15RP",
      "family_name": "scram",
      "given_name": "test",
      "terms": false,
      "multi_context": false,
      "error_code": ""
    }
  ]
}
