[
  {
    "pensionType": null,
    "totalBonus": null,
    "terminalBonus": null,
    "marketValueReduction": null,
    "totalExitCharge": null,
    "contractId": "0215849951",
    "fundHoldings": [],
    "transactions": [],
    "contributions": [],
    "availableActions": [
      {
        "type": "Mailbox",
        "action": "Change Direct Debit",
        "displayTabs": ["Transactions", "Payment"],
        "actionId": "AA"
      },
      {
        "type": "Mailbox",
        "action": "Change collection day",
        "displayTabs": ["Transactions", "Payment"],
        "actionId": "AC"
      }
    ],
    "startDate": null,
    "retirementDate": null,
    "surrenderValue": null,
    "transferValue": null,
    "assetDetails": [],
    "withProfitsIndicator": null,
    "totalContribution": null,
    "protectionContractDetails": {
      "policyStartDate": "2020-06-21",
      "policyEndDate": "2025-06-21",
      "contractCompletionDate": "2020-06-21",
      "coverBasis": "LumpSum",
      "regularPremiumAmount": "57.23",
      "premiumFrequency": "Monthly",
      "lastPremiumDate": "2021-10-21",
      "nextPremiumDate": "2021-11-21",
      "paymentMethod": "L",
      "livesCovered": ["Peter Pppfifteen"],
      "policyOwner": ["Peter Pppfifteen"],
      "exclusions": [],
      "policySeller": "Legal & General Direct",
      "policyCurrentAmount": "50000.00",
      "policyOriginalAmount": "50000.00",
      "benefits": null,
      "staticDocuments": [],
      "directDebit": {
        "acct_hldr_name": "P PPPFIFTEEN",
        "acct_nmbr": "******99",
        "sort_code": "999999",
        "pymt_ref": "0215849951",
        "pref_pymt_day_nmbr": "21"
      },
      "hasElectronicDocs": true,
      "lowCostOption": null,
      "lowCostPaymentTerm": null,
      "steppedBenefits": null,
      "isIndexed": false,
      "isReviewable": false,
      "isLifeProduct": true,
      "isIpbProduct": false,
      "isDecreasingProduct": false
    },
    "isPartialFailure": false,
    "lifestyleCoverIndicator": false,
    "protectedRightsIndicator": false
  }
]
