[
  {
    "pensionType": null,
    "totalBonus": null,
    "terminalBonus": null,
    "marketValueReduction": null,
    "totalExitCharge": null,
    "contractId": "2065447031",
    "fundHoldings": null,
    "transactions": null,
    "contributions": null,
    "availableActions": [
      {
        "type": "URL",
        "action": "Manage my pension",
        "displayTabs": [],
        "actionId": "MC",
        "url": "https://preprod.mya.platform.landg.com/product?productId=69e66bdf2593b0eb9350c4331dbfaded22a01d2210accc2672a4be3973f7f99a"
      },
      {
        "type": "URL",
        "action": "Retirement Options",
        "displayTabs": [],
        "actionId": "XY",
        "url": "https://preprod.mya.platform.landg.com/product/retirement-options?productId=69e66bdf2593b0eb9350c4331dbfaded22a01d2210accc2672a4be3973f7f99a"
      },
      {
        "type": "URL",
        "action": "View Documents",
        "displayTabs": [],
        "actionId": "ZC",
        "url": "https://preprod.mya.platform.landg.com/product/documents?productId=69e66bdf2593b0eb9350c4331dbfaded22a01d2210accc2672a4be3973f7f99a"
      }
    ],
    "startDate": null,
    "retirementDate": 1675987200000,
    "surrenderValue": null,
    "transferValue": null,
    "assetDetails": null,
    "withProfitsIndicator": null,
    "totalContribution": null,
    "protectionContractDetails": null,
    "detailsValuationAmount": "874.50",
    "description": "NFT MAY LOAD 634",
    "status": "OK",
    "externalLink": "https://preprod.mya.platform.landg.com/product?productId=69e66bdf2593b0eb9350c4331dbfaded22a01d2210accc2672a4be3973f7f99a",
    "documentRequestUrl": "https://preprod.mya.platform.landg.com/product/documents?productId=69e66bdf2593b0eb9350c4331dbfaded22a01d2210accc2672a4be3973f7f99a",
    "lastContributionAmount": "225.00",
    "viewOnlineDocuments": true,
    "documentPreference": "Online",
    "lastContributionDate": 1563145200000,
    "valuationDate": 1662418800000,
    "schemeName": "NFT MAY LOAD 634",
    "retirementAgeYears": 75,
    "retirementAgeMonths": 0,
    "isPartialFailure": false,
    "lifestyleCoverIndicator": false,
    "protectedRightsIndicator": false,
    "isManageYourDetailsAllowed": true
  }
]
