{
  "personalDetails": {
    "title": "Mr",
    "forename": "Peter",
    "surname": "Pppfifteen",
    "gender": "M",
    "maritalStatus": "Registered Civil Partner",
    "dateOfBirth": "10 Feb 1948",
    "nationalInsuranceNumber": "DC879865A",
    "printPreference": "Not set",
    "username": "72r3uk5c2k"
  },
  "marketingPreferences": {
    "post": false,
    "sms": true,
    "online": true,
    "telephone": false,
    "email": false
  },
  "contactDetails": {
    "postalAddress": {
      "line1": "address line 1",
      "line2": "address line 2",
      "line3": "address line 3",
      "line4": "Brighton",
      "postcode": "BN1 9JY",
      "status": "Current"
    },
    "emailAddresses": {
      "personal": "testing@test.com",
      "work": "myaccounttestemail@landg.com"
    },
    "telephoneNumbers": {
      "home": "01273456789",
      "work": "01273456789",
      "mobile": "01273456789"
    }
  }
}
