{
  "index": {
    "pageTitles": "My Account Support",
    "accessHeading": "Support",
    "heading": "How can we help you?",
    "subheading": "Choose a category below to view our frequently asked questions or to get in touch with us directly.",
    "sectionHeading": "Common questions about",
    "contactTitle": "Still need help?",
    "contactContent": "Please select one of the help categories above to see our frequently asked questions or to get in touch with us directly. Alternatively, send us a message and we'll get back to you as soon as possible.",
    "contactButton": "Send us a message",
    "contactStrapline": "Due to the COVID-19 pandemic, we may take several days to respond. Thank you for your patience",
    "contactUrl": "/mailbox",
    "rows": [
      {
        "sections": [
          {
            "heading": "Helpful Information",
            "categories": [
              "Online Service Terms and Conditions",
              "Change User ID and Password",
              "Change Personal Details",
              "Feedback",
              "Complaints"
            ]
          }
        ]
      }
    ]
  },
  "mailbox": {
    "Savings": {
      "User ID or passwords": {
        "questions": [
          {
            "question": "How do I change my User ID?",
            "answer": "Go to the Update my details section and follow the instructions. <br><br>When changing your User ID, for your security and ease, we recommend that you use a combination of letters and numbers and use no more than 15 characters."
          },
          {
            "question": "How do I change my password?",
            "answer": "Go to the Update my details section and follow the instructions.<br><br>When changing your User ID, for your security and ease, we recommend that you use a combination of letters and numbers and use no more than 15 characters.<br><br>Your password must be a minimum of eight characters long,  contain both upper and lower case letters and contain at least one number or special character from this list - _ @ ` # $ % ' ? : [ ] { }. It can't be the same as your User ID and we also recommend that you avoid commonly used passwords."
          }
        ]
      },
      "Changing names or contact details": {
        "questions": [
          {
            "question": "How do I let you know if I change my name?",
            "answer": "Go to the Update my details section and follow the instructions. <br><br>You'll be asked to print and post the online form back to us with one of the following documents:<ul><li>Marriage or civil partnership certificate</li><li>Deed poll document</li><li>Current valid passport</li><li>Decree absolute or final order of civil partnership dissolution</li><li>Statutory declaration</li><li>Photo driving licence</li></ul><br> Once we've received your form and documents we'll make the change and send confirmation to your contact address. We'll also return any original documents."
          },
          {
            "question": "How do I update my email address?",
            "answer": "Go to the Update my details section where your current contact details will be displayed and can be updated online."
          },
          {
            "question": "How do I let you know if I move home?",
            "answer": "To change your address, go to the Update my details section and follow the instructions.  We'll update your contact address on all our systems.  This will then be changed on our policy documents.  As a security measure we'll send confirmation that this has been changed to your old address. Don't worry, no personal information is included. <br><br>We only accept changes to UK postal addresses on My Account. For BFPO and non-UK addresses, please send us a secure message."
          },
          {
            "question": "How do I update my telephone numbers?",
            "answer": "Go to the Update my details section where your current contact details will be displayed and can be updated online."
          }
        ]
      },
      "Making payments or contributions": {
        "questions": [
          {
            "question": "With Profit Bond - Can I make additional investments?",
            "answer": "No, you can't pay an additional investment into your bond."
          },
          {
            "question": "Investment Bond - Can I make additional investments?",
            "answer": "Yes, at any time during its lifetime, as long as we're allowing additional investments. Some conditions apply:<ul><li>The current minimum additional investment is &pound;5,000.</li><li>The life assured and policyholder must be the same as those on your original bond.</li><li>At least one life assured must be aged 74 or less.</li><li>You can only top-up a maximum of five times throughout the lifetime of your bond.</li><li>The additional investment will be set up using the terms applicable at the time.</li><ul><br>We set up an additional investment by spreading it equally across all of your policies. This can have tax advantages for some people. The law and tax rates may change in the future and the value of tax relief will depend on your individual circumstances. <br>Please remember that you should be prepared to hold any additional investments for at least five years, ideally longer."
          },
          {
            "question": "Investment Bond with Death Guarantee - Can I make additional investments?",
            "answer": "Yes, at any time during its lifetime, as long as we're allowing additional investments. Some conditions apply:<br><ul><li>The current minimum additional investment is &pound;5,000.</li><li>The life assured and policyholder must be the same as those on your original bond.</li><li>At least one life assured must be aged 74 or less.</li><li>You can only top-up a maximum of five times throughout the lifetime of your bond.</li><li>The additional investment will be set up using the terms applicable at the time.</li></ul><br>We set up an additional investment by spreading it equally across all of your policies. This can have tax advantages for some people. The law and tax rates may change in the future and the value of tax relief will depend on your individual circumstances. Please remember that you should be prepared to hold any additional investments for at least five years, ideally longer."
          },
          {
            "question": "Unit Linked Investment Bond - Can I make additional investments?",
            "answer": "Yes, at any time during its lifetime, as long as we're allowing additional investments. Some conditions apply:<ul><li>The current minimum additional investment is &pound;5,000.</li><li>The life assured and policyholder must be the same as those on your original bond.</li><li>At least one life assured must be aged 89 or less.</li><li>You can only top-up a maximum of five times throughout the lifetime of your bond.</li><li>The additional investment will be set up using the terms applicable at the time.</li><ul><br>We set up an additional investment by spreading it equally across all of your policies. This can have tax advantages for some people. <br><br>Please remember that you should be prepared to hold any additional investments for at least five years, ideally longer."
          },
          {
            "question": "Discounted Gift Portfolio Bond - Can I make additional investments?",
            "answer": "No. It's not possible to make additional investments into an existing Discounted Gift Portfolio Bond."
          }
        ]
      },
      "Switching investments": {
        "questions": [
          {
            "question": "With Profits Bond - Can I invest in other funds?",
            "answer": "You can normally switch out of with profits on or after the fifth anniversary of your last investment. Please remember that you must switch all your with profits investment and once you've switched out you can't switch back in. We may also apply a market value reduction. Any guarantee(s) that applies to your plan could be lost if you switch out."
          },
          {
            "question": "Investment Bond - Can I switch funds?",
            "answer": "Yes. You can move all or part of your investment into different funds. Switching funds can mean higher charges as funds have different charges. There are also various levels of risk associated with investing in particular funds."
          },
          {
            "question": "Investment Bond with Death Guarantee - Can I switch funds?",
            "answer": "Yes. You can move all or part of your investment into different funds. <br><br>You can switch free of charge, provided you switch no more than 12 times in any 12 month period. <br><br>Switching funds can mean higher charges as funds have different charges. There are also various levels of risk associated with investing in particular funds."
          },
          {
            "question": "Unit Linked Investment Bond - Can I invest in other funds?",
            "answer": "Yes. You can move all or part of your investment into different funds. <br><br>Switching funds can mean higher charges as funds have different charges. There are also various levels of risk associated with investing in particular funds."
          },
          {
            "question": "Discounted Gift Portfolio Bond - Can I switch funds?",
            "answer": "Yes. You can move all or part of your investment into different funds. You can switch free of charge, provided you switch no more than 12 times in any 12 month period. <br><br>Switching funds can mean higher charges as funds have different charges. There are also various levels of risk associated with investing in particular funds."
          }
        ]
      },
      "Getting valuations": {
        "questions": [
          {
            "question": "Can I get an up to date valuation?",
            "answer": "Yes, up to date valuations are displayed on your summary page. Select your product to go to your product details page where you'll find more details."
          }
        ]
      },
      "Buying unit trusts or ISAs": {
        "questions": [
          {
            "question": "How do I apply?",
            "answer": "You can find out more information and download application forms from our <a target=\"_blank\" href=\"https://www.legalandgeneral.com/investments/contact-us/\">website</a>. Send us a secure message if you'd like us to send them to you in the post."
          }
        ]
      },
      "Withdrawing money": {
        "questions": [
          {
            "question": "With Profit Bond - Can I take money out of my bond?",
            "answer": "Yes. You have three options. You can: <br><br> 1. cash in part of your bond;<br> 2. cash in all of your bond; or<br> 3. take regular withdrawals in a variety of ways, which may be tax-efficient. <br><br>It's important to understand that taking money out of your bond can have a significant impact on the remaining value, and we may apply an early surrender charge and/or market value reduction."
          },
          {
            "question": "Investment Bond - Can I take money out of my bond?",
            "answer": "Yes. You have three options. You can: <br><br> 1. cash in part of your bond;<br> 2. cash in all of your bond; or<br> 3. take regular withdrawals in a variety of ways, which may be tax-efficient. <br><br>It's important to understand that taking regular withdrawals can have a significant impact on the remaining value of your bond."
          },
          {
            "question": "Investment Bond with Death Guarantee - Can I take money out of my bond?",
            "answer": "Yes. You have three options. You can: <br><br> 1. cash in part of your bond;<br> 2. cash in all of your bond; or<br> 3. take regular withdrawals in a variety of ways, which may be tax-efficient. <br><br>It's important to understand that taking money out of your bond can have a significant impact on the remaining value, and we may apply an early surrender charge and/or market value reduction."
          },
          {
            "question": "Unit Linked Investment Bond - Can I take money out of my bond?",
            "answer": "Yes. You have three options. You can: <br><br> 1. cash in part of your bond;<br> 2. cash in all of your bond; or<br> 3. take regular withdrawals in a variety of ways, which may be tax-efficient. <br><br>It's important to understand that taking regular withdrawals can have a significant impact on the remaining value of your bond."
          },
          {
            "question": "Discounted Gift Portfolio Bond - Can I take money out of my bond?",
            "answer": "Yes. Regular fixed withdrawals are paid to the settlor/donor throughout their lifetime."
          }
        ]
      },
      "Getting Unit or Benefit statements": {
        "questions": [
          {
            "question": "How do I get a unit statement?",
            "answer": "Go to your product details page and select the Documents tab. Please contact us by sending a secure message or call us if you would like to request a document not shown."
          }
        ]
      },
      "Lost documents": {
        "questions": [
          {
            "question": "Can I get a copy of my original policy document?",
            "answer": "Yes, please send us a secure message and ask for a copy to be sent to you."
          }
        ]
      },
      "Using My Account": {
        "questions": [
          {
            "question": "Where can I get help using My Account?",
            "answer": "We have created a short presentation that can be accessed by selecting <a target=\"_blank\" href=\"https://www.legalandgeneral.com/_resources/pdfs/Guide.pdf\"> this link.</a>"
          }
        ]
      }
    },
    "Pension - Individual": {
      "User ID or passwords": {
        "questions": [
          {
            "question": "How do I change my User ID?",
            "answer": "Go to the Update my details section and follow the instructions.<br><br>When changing your User ID, for your security and ease, we recommend that you use a combination of letters and numbers and use no more than 15 characters.<br><br>Your password must be a minimum of eight characters long,  contain both upper and lower case letters and contain at least one number or special character from this list - _ @ ` # $ % ' ? : [ ] { }. It can't be the same as your User ID and we also recommend that you avoid commonly used passwords."
          },
          {
            "question": "How do I change my password?",
            "answer": "Go to the Update my details section and follow the instructions.<br><br>When changing your User ID, for your security and ease, we recommend that you use a combination of letters and numbers and use no more than 15 characters.<br><br>Your password must be a minimum of eight characters long,  contain both upper and lower case letters and contain at least one number or special character from this list - _ @ ` # $ % ' ? : [ ] { }. It can't be the same as your User ID and we also recommend that you avoid commonly used passwords."
          }
        ]
      },
      "Changing names or contact details": {
        "questions": [
          {
            "question": "How do I let you know if I change my name?",
            "answer": "Go to the Update my details section and follow the instructions.<br>You'll be asked to print and post the online form back to us with one of the following documents:<ul><li>Marriage or civil partnership certificate</li><li>Deed poll document</li><li>Current valid passport</li><li>Decree absolute or final order of civil partnership dissolution</li><li>Statutory declaration</li></ul><br> Once we've received your form and documents we'll make the change and send confirmation to your contact address. We'll also return any original documents."
          },
          {
            "question": "How do I update my email address?",
            "answer": "Go to the Update my details section where your current contact details will be displayed and can be updated online."
          },
          {
            "question": "How do I let you know if I move home?",
            "answer": "To change your address, go to the Update my details section and follow the instructions. We'll update your contact address on all our systems. This will then be changed on our product documents. As a security measure we'll send confirmation that this has been changed to your old address."
          },
          {
            "question": "How do I update my telephone numbers?",
            "answer": "Go to the Update my details section where your current contact details will be displayed and can be updated online."
          }
        ]
      },
      "Making payments or contributions": {
        "questions": [
          {
            "question": "Can I change my regular contributions?",
            "answer": "Yes. You can increase or reduce your regular contributions at any time. Any reduction must meet the minimum contribution amount.  You can also automatically increase your contributions each year."
          },
          {
            "question": "Can I stop my regular contributions?",
            "answer": "Yes. You can stop your regular contributions at any time but we'll continue to take charges from your plan. If our charges are greater than any growth, the value of your pension pot will fall. You can restart paying regular contributions at any time."
          },
          {
            "question": "What can I pay into my plan?",
            "answer": "You can pay regular monthly or yearly contributions, single contributions or make transfer payments from other pension plans."
          }
        ]
      },
      "Switching investments": {
        "questions": [
          {
            "question": "Can I switch funds?",
            "answer": "Yes. You can move your money between investment funds at any time, but you can't move into with profits if you are within five years of your selected retirement date. If you move out of with profits a market value reduction may apply."
          }
        ]
      },
      "Getting valuations": {
        "questions": [
          {
            "question": "Can I get an up to date valuation?",
            "answer": "Yes, up to date valuations are displayed on your summary page.  Select your product to go to your product details page where you'll find more details."
          }
        ]
      },
      "Buying unit trusts or ISAs": {
        "questions": [
          {
            "question": "How do I apply?",
            "answer": "You can find out more information and download application forms from our <a target=\"_blank\" href=\"https://www.legalandgeneral.com/investments/contact-us/\">website</a>. Send us a secure message if you'd like us to send them to you in the post."
          }
        ]
      },
      "Withdrawing money": {
        "questions": [
          {
            "question": "When can I take my pension?",
            "answer": "Anytime from age 55. You may be able to take it earlier if you cannot continue to work due to ill health."
          }
        ]
      },
      "Getting Unit or Benefit statements": {
        "questions": [
          {
            "question": "How do I get a unit statement?",
            "answer": "Go to your product details page and select the Documents tab. Please contact us by sending a secure message or call us if you would like to request a document not shown."
          }
        ]
      },
      "Lost documents": {
        "questions": [
          {
            "question": "Can I get a copy of my original policy document?",
            "answer": "Yes, please send us a secure message and ask for a copy to be sent to you."
          }
        ]
      },
      "Using My Account": {
        "questions": [
          {
            "question": "Where can I get help using My Account?",
            "answer": "We have created a short presentation that can be accessed by selecting <a target=\"_blank\" href=\"https://www.legalandgeneral.com/_resources/pdfs/Guide.pdf\"> this link.</a>"
          }
        ]
      }
    },
    "Insurance": {
      "User ID or passwords": {
        "questions": [
          {
            "question": "How do I change my User ID?",
            "answer": "<p>Go to the Update my details section and follow the instructions.</p><p>When changing your User ID, for your security and ease, we recommend that you use a combination of letters and numbers and use no more than 15 characters.</p><p>Your password must be a minimum of eight characters long,  contain both upper and lower case letters and contain at least one number or special character from this list - _ @ ` # $ % ' ? : [ ] { }. It can't be the same as your User ID and we also recommend that you avoid commonly used passwords.</p>"
          },
          {
            "question": "How do I change my password?",
            "answer": "<p>Go to the Update my details section and follow the instructions.</p><p>When changing your User ID, for your security and ease, we recommend that you use a combination of letters and numbers and use no more than 15 characters.</p><p>Your password must be a minimum of eight characters long,  contain both upper and lower case letters and contain at least one number or special character from this list - _ @ ` # $ % ' ? : [ ] { }. It can't be the same as your User ID and we also recommend that you avoid commonly used passwords.</p>"
          }
        ]
      },
      "Changing names or contact details": {
        "questions": [
          {
            "question": "How do I let you know if I've changed my name?",
            "answer": "<p>Go to the Update my details section and follow the instructions.</p><p>You'll be asked to print and post the online form back to us with one of the following documents:</p><ul class='list'><li>Marriage or civil partnership certificate</li><li>Deed poll document</li><li>Current valid passport</li><li>Decree absolute or final order of civil partnership dissolution</li><li>Statutory declaration</li></ul><p>Once we've received your form and documents we'll make the change and send confirmation to your contact address.  We'll also return any original documents.</p>"
          },
          {
            "question": "How do I update my email address?",
            "answer": "<p>Go to the Update my details section where your current contact details will be displayed and can be updated online.</p>"
          },
          {
            "question": "How do I let you know if I move home?",
            "answer": "<p>To change your address, go to the Update my details section and follow the instructions. We'll update your contact address on all our systems. This will then be changed on our product documents. As a security measure we'll send confirmation that this has been changed to your old address.</p>"
          },
          {
            "question": "How do I update my telephone numbers?",
            "answer": "<p>Go to the Update my details section where your current contact details will be displayed and can be updated online.</p>"
          }
        ]
      },
      "Making payments or contributions": {
        "questions": [
          {
            "question": "How do I make payments?",
            "answer": "Premiums are collected by direct debit."
          },
          {
            "question": "What happens if I need more cover?",
            "answer": "<p>We offer a range of additional cover options to add to your home insurance.</p><p>If you would like to add an additional cover to your policy, then please either give us a call on <a href='tel:3709003110'>0370 900 3110</a></p>. Lines are open 8am - 8pm Monday – Thursday, 8am - 6pm Friday and 9am - 5pm Saturday.</p><p>Call charges will vary. We may record and monitor calls.</p>"
          }
        ]
      },
      "Withdrawing money": {
        "questions": [
          {
            "question": "Can I cash in my plan?",
            "answer": "<p>The plans are not savings or investment products and have no cash in value unless a valid claim is made.</p>"
          },
          {
            "question": "How do I make a claim?",
            "answer": "To make a claim please contact us by sending a secure message or calling us."
          }
        ]
      },
      "Getting Unit or Benefit statements": {
        "questions": [
          {
            "question": "Where can I find my level of insurance cover?",
            "answer": "<p>Your level of cover is shown in the policy schedule we sent you when you took out the policy. Your documentation is available through the <a href=\"https://www.insurancelandg.com/signon.rx\" target=\"_blank\">My Insurance site</a>.</p>"
          }
        ]
      },
      "Making claims": {
        "questions": [
          {
            "question": "How do I make a claim?",
            "answer": "To make a claim please contact us by sending a secure message or calling us."
          }
        ]
      },
      "Changing insurance cover": {
        "questions": [
          {
            "question": "What happens if I need more cover?",
            "answer": "<p>We offer a range of additional cover options to add to your Home Insurance. Take a look at our additional <a href=\"https://www.legalandgeneral.com/home-insurance/additional-cover-options/\" target=\"_blank\">cover options page</a> to find out more.</p><p>If you would like to add an additional cover to your policy, then please either give us a call on <a href=\"tel:3709003110\">0370 900 3110</a>. Lines are open 8am - 8pm Monday – Thursday, 8am - 6pm Friday and 9am – 5pm Saturday.</p><p>Call charges will vary. We may record and monitor calls.</p>"
          }
        ]
      },
      "Lost documents": {
        "questions": [
          {
            "question": "What happens if I have lost my policy documents?",
            "answer": "Your documentation is available through the <a href=\"https://www.insurancelandg.com/signon.rx\" target=\"_blank\">My Insurance site</a>."
          },
          {
            "question": "Can I get a copy of my original policy document?",
            "answer": "Yes, please send us a secure message and ask for a copy to be sent to you."
          }
        ]
      },
      "Using My Account": {
        "questions": [
          {
            "question": "I would like some help to use My Account.",
            "answer": "We have created a short presentation that can be accessed by selecting <a target=\"_blank\" rel=\"noopener\" href=\"https://www.legalandgeneral.com/_resources/pdfs/Guide.pdf\"> this link.</a>"
          }
        ]
      }
    }
  }
}
