[
  {
    "productTemplate": "selfInvestedPersonalPension",
    "content": "Your Self Invested Personal Pension is a tax efficient way of saving money for use in your retirement or from age 55.<br><br>You can invest money in a range of funds, collectives and other self-invested assets. Self-investment gives you greater control as you make the investment decisions yourself.<br><br>The value of your investments can go down as well as up, the value of your fund is not guaranteed. It is important to remember this if you are close to taking your benefits from your plan. Please note, if you are in the process of taking any benefits from your plan, the value shown may not be correct and the final value may have already been fixed.<br><br><h2 class=\"lg-font-size-3\">Further information</h3><br>Please read through our common questions. For full information please see your Member's Booklet or contact us."
  },
  {
    "productTemplate": "withProfitsBond",
    "content": "Your bond is a single premium investment which aims to provide growth, income or a combination of both.<br><br>This product has no fixed maturity date but you should be prepared to invest for at least five years, ideally longer.<br><br>The value of your investment can go down as well as up and is not guaranteed. It is important to remember this if you are thinking about cashing in part or all of your bond. Please note, if you are in the process of taking money out of your bond, the value shown may not be correct and may have already been fixed.<br><br>Some bonds have valuable guarantees. Before you make any changes to your bond, please see your Contract Document for more information, or speak to your adviser.  If you don't currently have an adviser, you can find one in your area by visiting <a href=\"https://www.unbiased.co.uk/\" target=\"_blank\">unbiased.co.uk</a><br><br><h2 class=\"lg-font-size-3\">Further information</h3><br>Please read through our common questions. For full information, including how your bond is valued, please see the Contract Document we sent to you after you made your investment or contact us."
  },
  {
    "productTemplate": "unitLinkInvestmentBond",
    "content": "Your bond is a single premium investment. It allows you to put money into a range of funds.<br><br>You can change where your money is invested, or take money out, at any time. This product has no fixed maturity date but you should be prepared to invest for at least five years, ideally longer.<br><br>The value of your investment can go down as well as up and is not guaranteed. It is important to remember this if you are thinking about cashing in part or all of your bond. Please note, if you are in the process of taking money out of your bond, the value shown may not be correct and may have already been fixed.<br><br><h2 class=\"lg-font-size-3\">Further information</h2><br><br>Please read through our common questions. For full information, including how your bond is valued, please see the Contract Document or Product Guide we sent to you after you made your investment or contact us."
  },
  {
    "productTemplate": "investmentBond",
    "content": "Your bond is a single premium investment. You can change where your money is invested or take money out, at any time.<br><br>This product has no fixed maturity date but you should be prepared to invest for at least five years, ideally longer.<br><br>The value of your investment can go down as well as up and is not guaranteed. It is important to remember this if you are thinking about cashing in part or all of your bond. Please note, if you are in the process of taking money out of your bond, the value shown may not be correct and may have already been fixed.<br><br><h2 class=\"lg-font-size-3\">Further information</h2><br>Please read through our common questions. For full information, including how your bond is valued,  please see the Contract Document we sent to you after you made your investment or contact us. "
  },
  {
    "productTemplate": "investmentBondWithDeathGuarantee",
    "content": "Your Investment Bond With Death Guarantee is a single premium investment that provides a guaranteed minimum payment on death.<br><br>You can change where your money is invested or take money out, at any time. This product has no fixed maturity date but you should be prepared to invest for at least five years, ideally longer.<br><br>The value of your investment can go down as well as up and is not guaranteed. It is important to remember this if you are thinking about cashing in part or all of your bond. Please note, if you are in the process of taking money out of your bond, the value shown may not be correct and may have already been fixed.<br><br><h2 class=\"lg-font-size-3\">Further information</h2><br><br>Please read through our common questions. For full information, including how your bond is valued,  please see the Contract Document we sent to you after you made your investment or contact us. "
  },
  {
    "productTemplate": "discountedGiftBond",
    "content": "Your Discounted Gift Portfolio Bond is a single premium investment with a trust that may be beneficial for inheritance tax planning.<br><br>You make a gift into trust and retain the right to some of that gift in the form of fixed, regular payments for your lifetime, which can't be changed once the trust has been set up.<br><br>The value of your investment can go down as well as up and is not guaranteed. Please note, if you are in the process of taking money out of your bond, the value shown may not be correct and may have already been fixed.<br><br>These details are based on our understanding of tax law and HM Revenue & Customs practice, which are subject to change.<br><br><h2 class=\"lg-font-size-3\">Further information</h2><br><br>Please read through our common questions. For full information, including how your bond is valued, please see the Contract Document we sent to you after you made your investment or contact us."
  },
  {
    "productTemplate": "personalPension",
    "content": "Your Personal Pension plan is a tax efficient way of saving money for use in your retirement or from age 55. You can invest your money in a range of funds.<br><br>The value of your investments can go down as well as up, the value of your fund is not guaranteed. It is important to remember this if you are close to taking your benefits from your plan.  Please note, if you are in the process of taking any benefits from your plan, the value shown may not be correct and the final value may have already been fixed.<br><br><h2 class=\"lg-font-size-3\">Further information</h3><br>Please read through our common questions. For full information please see your Member's Booklet or contact us."
  },
  {
    "productTemplate": "stakeholder",
    "content": "Your Stakeholder Pension is a simple, straightforward and tax efficient way of saving money for use in your retirement or from age 55.<br><br>The value of your investments can go down as well as up, the value of your fund is not guaranteed. It is important to remember this if you are close to taking your benefits from your plan.  Please note, if you are in the process of taking any benefits from your plan, the value shown may not be correct and the final value may have already been fixed.<br><br><h2 class=\"lg-font-size-3\">Further information</h3><br>Please read through our common questions. For full information please see your Member's Booklet or contact us."
  },
  {
    "productTemplate": "groupPersonalPensionPlan",
    "content": "Your Group Personal Pension Plan is a tax efficient way of saving money for use in your retirement or from age 55. You can invest your money in a range of funds.<br><br>The value of your investments can go down as well as up, the value of your fund is not guaranteed. It is important to remember this if you are close to taking your benefits from your plan.  Please note, if you are in the process of taking any benefits from your plan, the value shown may not be correct and the final value may have already been fixed.<br><br><h2 class=\"lg-font-size-3\">Further information</h3><br>Please read through our common questions. For full information please see your Member's Booklet or contact us."
  },
  {
    "productTemplate": "annuity",
    "content": {
      "description": {
        "title": "You can use My Account to:",
        "options": [
          {
            "text": "View and update your basic information such as your address or mobile number,"
          },
          {
            "text": "View key documents about your retirement plan,"
          },
          {
            "text": "Find useful information and forms to help to manage your plan,"
          },
          {
            "text": "Contact us using the secure messaging centre."
          }
        ],
        "text": "We've also provided links to FAQ's and external sites such as HMRC to help with questions you have about your plan or tax. We'll be adding more functionality over time and we'll keep you updated on developments by email."
      },
      "usefulInformation": {
        "title": "Useful information",
        "documents": [
          {
            "title": "Your Lifestyle Retirement Magazine",
            "size": "1-2MB",
            "type": "PDF",
            "url": "https://www.legalandgeneral.com/landg-assets/personal/retirement/_resources/documents/your-retirement-income/flyers/da1058.pdf"
          }
        ]
      },
      "externalResources": {
        "title": "External resources",
        "resources": [
          {
            "context": "page",
            "text": "HMRC - Personal Tax",
            "url": "https://www.gov.uk/topic/personal-tax/income-tax"
          }
        ]
      }
    }
  },
  {
    "productTemplate": "endowment",
    "content": "Your plan is either a regular savings plan or a mortgage endowment, both of which pay out a cash lump sum on a fixed date in the future, or in the event of earlier death.<br><br>Your regular savings plan might be one of the following:<br><br><ul class=\"list\" class=\"list\"><li>Endowment Assurance </li><li>Cashbuilder </li><li>Capital Accumulation Plan </li><li>Flexible Investment Plan </li><li>Prospects Savings Plan </li><li>Savings Plan (also known as Maximum Investment Plan)  </li></ul><br><br>These plans are taken out to build up regular savings into a lump sum; for example to  fund a specific event in the future.<br><br>Your mortgage endowment might be one of the following:<br><br><ul class=\"list\"><li>Build-Up </li><li>Flexible Mortgage Plan and Mortgage Savings Plan </li><li>Nationwide Unit-Linked Endowment </li></ul><br><br>The aim of mortgage endowments is for enough money to be built up to pay off the original mortgage amount when the mortgage term ends. However, as the value of investments can go down as well as up, the plan may not provide enough to repay the full mortgage at the end of the term. These plans also cover the mortgage amount in the event of your earlier death and, depending on the terms of your plan, may also pay out in the event of sickness or disability. "
  },
  {
    "productTemplate": "criticalIllnessCover",
    "content": "Your Critical Illness Cover is designed to pay out your chosen amount of cover if you're diagnosed with a specified critical illness that we cover during the length of your policy.<br><br>Some Critical Illness Cover for your children is automatically included.<br><br>This isn't a saving or investment policy and will only pay out if a valid claim is made.<br><br><h2 class=\"lg-font-size-3\">Further information</h3><br>Read through our common questions or see your original policy document for full terms and conditions as these could be different to those currently promoted on our website.  If you still can't find the answer please contact us."
  },
  {
    "productTemplate": "over50s",
    "content": "Your Over 50s Life Insurance Plan is designed to pay out a cash lump sum if you die after one year of taking out the policy.<br><br>If you die within the first year we'll refund your premiums but if you die as a result of an accident we'll pay out the cash lump sum.<br><br>If you have the Fixed Plan inflation will reduce the buying power of your cash sum in the future.<br><br>If you have the Increasing Plan your cash sum is reviewed each year in line with the change in the Retail Prices Index (RPI). Premiums will also be reviewed each year and will increase by the change in RPI multiplied by 1.5.  You can decline the increase following your annual review. If you do this the cash sum and premium will remain fixed at that point. If you decline, inflation will reduce the buying power of the cash sum in the future. You won't be able to increase your cash sum or premium in future years.<br><br>If you have the Insured Funeral Plan, the cash sum will be paid directly to the funeral service provider.<br><br>This isn't a saving or investment plan and will only pay out if a valid claim is made.<br><br><h2 class=\"lg-font-size-3\">Further information</h3><br>Read through our common questions or see your original policy document for full terms and conditions as these could be different to those currently promoted on our website.  If you still can't find the answer please contact us."
  },
  {
    "productTemplate": "mortgageLife",
    "content": {
      "policyStartDate": "This policy started on ",
      "policyEndDate": "This policy ends on ",
      "policyOwner": "The owner of this policy is: ",
      "policySeller": "This policy was sold by ",
      "policyOriginalAmount": "The original amount of cover for this policy was ",
      "policyDetailsBenefitsBullets": "Your cover includes the following benefits:",
      "policyCostOptionPreText": "You have the",
      "policyStandardCostOption": "standard ",
      "policyLowCostOption": "low cost ",
      "policyLowCostOptionPostText": "option. See your Policy Booklet for details.",
      "policyDetailsNotes": "If you are the life assured, we recommend that you share a copy of your policy details with your next of kin, so that they know they can make a claim in the event of your death.",
      "policyDaysLimit": "You have the right to cancel your policy within 30 days of buying the policy and receive a refund of any premiums paid.",
      "policyLink": "Click here if you wish to cancel your policy.",
      "policySteppedBenefits": "As you have chosen stepped benefits your amount of cover will be as follows:",
      "policyExclusionsPreText": "Your cover has the following exclusion",
      "policyExclusionsPostText": "If, within the first year of your policy, you die as a result of intentionally taking your own life, this policy will be cancelled. In this event the cover will not be paid but we will refund any premiums paid.",
      "policyDetailsPDFVersion": "You can access a PDF version from the documents tab above.",
      "policyCancellationBullets": [
        "We're sorry you wish to cancel your policy. We hope that you will consider your decision to cancel very carefully as you will not be covered for any claims once we receive your request to cancel.",
        "It will take us a few days to process your request. Once complete your policy will no longer be visible in My Account."
      ],
      "policyCancellationQuestion": "Are you sure you wish to cancel your policy?",
      "cancelPolicySuccess": "Thank you. Your request has been received and will be processed in the next few days.",
      "cancelPolicyError": "We're sorry but we can't process your request due to a technical error. Please try again.",
      "cancelPolicyNotice": "Please be aware that it can take up to 10 working days for your policy details to be updated.",
      "decrPolicyMsg": "Your amount of cover will decrease each month during the length of the policy."
    }
  },
  {
    "productTemplate": "lifeCover",
    "content": "<strong>Term Assurance</strong><br><br>If you have a Term Assurance policy, it's designed to pay out your chosen benefit if you die during the length of your policy.<br><br>If you have a policy that includes Critical Illness Cover, it is designed to pay out your chosen benefit if you are diagnosed with one of the specified critical illnesses during the policy term.<br><br><strong>Whole of Life</strong><br><br>If you have a Whole of Life policy, it's designed to cover you for the whole of your life and pays out a cash lump sum when you die.<br><br><h2 class=\"lg-font-size-3\">Further information</h3><br>Read through our common questions or see your original policy document for full terms and conditions as these could be different to those currently promoted on our website.  If you still can't find the answer please contact us."
  }
]
