{
  "requestToChangeRetirementAge": {
    "title": "Change selected retirement age",
    "form": {
      "heading": "Change selected retirement age",
      "line1": "Please note this will change the retirement age for all the benefits within this plan.",
      "line2": "Please send us a secure message with your request, if this is not what is required.",
      "line3": "We'll email confirmation to you where we are able to change your selected retirement age.",
      "line4": "In some cases we may need to contact you for more information before we can start work on your request, for example if you are in a lifestyle or with profit fund.",
      "line5": "If the plan does not allow a change to the retirement age, we'll let you know and discuss other options with you.",
      "line6": "Please select 'Confirm' to send your request.",
      "buttonAccessibilityDescription": "changes to your retirement age",
      "submissionError": "Sorry, we can't process your request right now due to technical issues. You can contact us using our secure message service or by calling us.",
      "inputs": {
        "age": {
          "labelDescription": "Please change my selected retirement age to:",
          "helpDescription": "Please enter your new retirement age between age 55 to 75.",
          "validationErrors": {
            "required": "Please enter a new retirement age.",
            "pattern": "Please enter your retirement age as two digits.",
            "belowMinimum": "If you wish to select a retirement age outside of 55 to 75, please send us a secure message with your request.",
            "aboveMaximum": "If you wish to select a retirement age outside of 55 to 75, please send us a secure message with your request."
          }
        }
      }
    },
    "confirmation": {
      "title": "Confirmation",
      "text": "Thank you for your request to change your selected retirement age.",
      "additionalTitle": "What happens next?",
      "additionalTextLine1": "We'll email confirmation to you where we are able to change your selected retirement age.",
      "additionalTextLine2": "In some cases we may need to contact you for more information before we can start work on your request, for example if you are in a lifestyle or with profit fund.",
      "additionalTextLine3": "If the plan does not allow a change to the retirement age, we'll let you know and discuss other options with you.",
      "buttonLabel": "Back to My Account"
    }
  },
  "changeContribution": {
    "title": "Change regular contribution",
    "form": {
      "heading": "Change regular contribution",
      "information": "<p>If you wish to start or amend your regular contribution, a minimum premium will apply. If the amount you enter is below the minimum or if we need additional information, we will contact you. In some cases, for example if you haven't paid contributions before, we may need to send you forms to complete.</p> <p>Changes will be made from your next available collection. If we are too near to the date your contribution is due, we will take the new amount from the next collection date.</p>  <p>Before changing your regular contribution you should refer to your original plan documentation or go to <a target=\"_blank\" href=\"https://legalandgeneral.com/existing-customers/pensions-support/servicing-your-pension/\">servicing your pension</a> for further information.</p> <h2>Lump sum payments</h2> <p>If you wish to make a lump sum payment to your pension plan, please send a covering letter together with your cheque (payable to Legal &amp; General Assurance Society Limited) to the following address.</p> <p>Legal &amp; General Assurance Society Limited<br>City Park<br>The Droveway<br>Hove &nbsp; &nbsp;<br>BN3 7PY</p> <h2>Important Information</h2> <p><b>&#8203;</b>To protect you, as the payee, and us from financial crime, we may need to confirm your identity from time to time. We may do this by using reference agencies to search sources of information about you (an Identity search). This will not affect your credit rating. If this Identity search fails we may ask you for documents to confirm your identity.</p><h3>For Portfolio Plus Pension and Portfolio Plus SIPP</h3> <p>If you change your &nbsp;total contribution by 25% or more, we will send&nbsp;you a new key features document and cancellation notice giving you the right to change your mind.</p> <h3>For ALL other pension plans</h3> <p>If you’re looking to top-up your plan, either by increasing your regular contribution or by making a single contribution or transfer payment in, we’ll send you an <strong>Adding To Your Plan</strong> document along with a cancellation notice after you apply. You’ll then have a period of 30 days in which you can change your mind if you decide you don’t wish to proceed.</p> <p>There are different versions of <strong>Adding To Your Plan</strong> depending on the type of pension plan you have with us. They are available to download at the web address above.</p> <h2>Annual Allowance</h2> <p>If the total gross contributions paid by you, your employer or a third party, into any UK Registered Pension Scheme you’ve taken out are over the Annual Allowance, you’ll be subject to a tax charge. If you’re also in a final salary pension scheme (defined benefit), your gross contributions for that scheme will be based on the increase in the value of your benefits during the tax year.</p> <p>The Annual Allowance for the current tax year is £40,000. Where the total contributions exceed the Annual Allowance in a given tax year, unused allowances from the three previous tax years may be available (known as ‘carry forward’).</p> <p>In some circumstances a reduced Annual Allowance may apply:</p> <ul> <li>Your Annual Allowance will be reduced if your income (including the value of any pension contributions) is over £150,000 and your income (excluding the value of any pension contributions) is over £110,000.</li> <li>A Money Purchase Annual Allowance (MPAA) will apply if you take money directly out of any money purchase (defined contribution) pension pot you have, unless you only take your tax-free cash amount, take all of it under the small pension pot rules, or continue taking Capped Income Drawdown. Not all of these options will be available from every pension pot. The MPAA is £4,000 and you won’t be able to use carry forward. It will apply to all future contributions made to your money purchase pension scheme(s). If you are a member of a final salary pension scheme your overall Annual Allowance stays at £40,000 and you can still use carry forward in that scheme.</li> </ul> <p>The Annual Allowance will not apply in the tax year in which you die or if you take your benefits because of serious ill health.</p> <p>More information is also available at&nbsp;<a href=\"https://www.gov.uk/\" rel=\"nofollow\">gov.uk</a></p> <p>You should contact your adviser if:&nbsp;</p> <ul> <li>You expect your and/or your employer’s total contributions into all pension schemes to exceed the Annual Allowance in any tax year.</li> <li>You have any additional questions about your pension, including whether your Annual Allowance will be reduced.</li> </ul> <p>The law and tax rates may change in the future and the value of tax relief will depend on your individual circumstances.</p>",
      "buttonAccessibilityDescription": "changes to your regular contribution",
      "submissionError": "Sorry, we can't process your request right now due to technical issues. You can contact us using our secure message service or by calling us.",
      "inputs": {
        "amount": {
          "labelDescription": "Please change my regular contribution to:",
          "helpDescription": "Please enter your regular contribution with a minimum of £20.00",
          "validationErrors": {
            "required": "Please enter a regular contribution.",
            "pattern": "Please enter the amount in pounds and pence.",
            "equalContribution": "This is the same amount as your current regular contribution. Please enter a new amount.",
            "belowMinimum": "Please enter an amount of £20.00 or more",
            "aboveMaximum": "Please enter an amount of £999,999,99.99 or less"
          }
        }
      }
    },
    "confirmation": {
      "title": "Confirmation",
      "text": "​​​​Thank you for your request to change your regular contribution​.",
      "additionalTitle": "What happens next?",
      "additionalTextLine1": "Your request to change your regular contribution is being processed. We will contact you shortly to confirm the changes.",
      "buttonLabel": "Back to My Account"
    }
  },
  "changeCollectionDay": {
    "title": "Change preferred collection day",
    "form": {
      "heading": "Change preferred collection day",
      "information": "<p>Select the date you'd like your premiums to be collected.</br></p><p>Please note that if you select a date that does not appear at the end of every month, for example the 31st, on those months with less than 31 days, your premium will be collected on the 1st of the following month.</br></p><p>Should your preferred collection date fall on a non-working day, for example a bank holiday or weekend, your premium will be collected on the next working day.</p>",
      "buttonAccessibilityDescription": "changes to your preferred collection day",
      "submissionError": "Sorry, we can't process your request right now due to technical issues. You can contact us using our secure message service or by calling us.",
      "inputs": {
        "day": {
          "labelDescription": "New collection day",
          "validationErrors": {
            "required": "Please select your preferred collection day."
          }
        }
      }
    },
    "confirmation": {
      "title": "Confirmation",
      "text": "​​​Thank you for your request to change your preferred collection date.",
      "additionalTitle": "What happens next?",
      "additionalTextLine1": "Your request to change your collection date is being processed and you will receive a letter to confirm this shortly.",
      "buttonLabel": "Back to My Account"
    }
  },
  "changeDirectDebit": {
    "title": "Update your bank details",
    "form": {
      "title": "Update your bank details",
      "heading": "Enter your new bank details",
      "contributionHeading": "Regular contribution",
      "information": "<p>If you wish to start or amend your regular contribution, a minimum premium will apply. If the amount you enter is below the minimum or if we need additional information, we will contact you. In some cases, for example if you haven't paid contributions before, we may need to send you forms to complete.</p> <p>Changes will be made from your next available collection. If we are too near to the date your contribution is due, we will take the new amount from the next collection date.</p></br><h2>Lump sum payments</h2> <p>If you wish to make a lump sum payment to your pension plan, please send a covering letter together with your cheque (payable to Legal &amp; General Assurance Society Limited) to the following address.</p> <p>Legal &amp; General Assurance Society Limited<br>City Park<br>The Droveway<br>Hove<br>BN3 7PY</p> </br><h2>Important Information</h2> <p><b>&#8203;</b>To protect you, as the payee, and us from financial crime, we may need to confirm your identity from time to time. We may do this by using reference agencies to search sources of information about you (an Identity search). This will not affect your credit rating. If this Identity search fails we may ask you for documents to confirm your identity.</p> <p>Before changing your regular contribution you should refer to your original plan documentation or go to <a target=\"_blank\" href=\"https://legalandgeneral.com/existing-customers/pensions-support/servicing-your-pension/\">servicing your pension</a> for further information.</p> </br><h3>For Portfolio Plus Pension and Portfolio Plus SIPP</h3> <p>If you change your &nbsp;total contribution by 25% or more, we will send&nbsp;you a new key features document and cancellation notice giving you the right to change your mind.</p> </br><h3>For ALL other pension plans</h3> <p>If you’re looking to top-up your plan, either by increasing your regular contribution or by making a single contribution or transfer payment in, we’ll send you an <strong>Adding To Your Plan</strong> document along with a cancellation notice after you apply. You’ll then have a period of 30 days in which you can change your mind if you decide you don’t wish to proceed.</p> <p>There are different versions of <strong>Adding To Your Plan</strong> depending on the type of pension plan you have with us. They are available to download at the web address above.</p> </br><h2>Annual Allowance</h2> <p>If the total gross contributions paid by you, your employer or a third party, into any UK Registered Pension Scheme you’ve taken out are over the Annual Allowance, you’ll be subject to a tax charge. If you’re also in a final salary pension scheme (defined benefit), your gross contributions for that scheme will be based on the increase in the value of your benefits during the tax year.</p> <p>The Annual Allowance for the current tax year is £40,000. Where the total contributions exceed the Annual Allowance in a given tax year, unused allowances from the three previous tax years may be available (known as ‘carry forward’).</p> <p>In some circumstances a reduced Annual Allowance may apply:</p></br> <ul> <li>Your Annual Allowance will be reduced if your income (including the value of any pension contributions) is over £150,000 and your income (excluding the value of any pension contributions) is over £110,000.</li> <li>A Money Purchase Annual Allowance (MPAA) will apply if you take money directly out of any money purchase (defined contribution) pension pot you have, unless you only take your tax-free cash amount, take all of it under the small pension pot rules, or continue taking Capped Income Drawdown. Not all of these options will be available from every pension pot. The MPAA is £4,000 and you won’t be able to use carry forward. It will apply to all future contributions made to your money purchase pension scheme(s). If you are a member of a final salary pension scheme your overall Annual Allowance stays at £40,000 and you can still use carry forward in that scheme.</li> </ul> <p>The Annual Allowance will not apply in the tax year in which you die or if you take your benefits because of serious ill health.</p> <p>More information is also available at&nbsp;<a href=\"https://www.gov.uk/\" rel=\"nofollow\">gov.uk</a></p> <p>You should contact your adviser if:&nbsp;</p> <ul> <li>You expect your and/or your employer’s total contributions into all pension schemes to exceed the Annual Allowance in any tax year.</li> <li>You have any additional questions about your pension, including whether your Annual Allowance will be reduced.</li> </ul> <p>The law and tax rates may change in the future and the value of tax relief will depend on your individual circumstances.</p></br>",
      "guarantee": "<p><img src=\"assets/img/direct-debit-logo.png\" alt=\"Change direct debit logo\"></p><p>Please read the <a href='https://www.legalandgeneral.com/library/protection/my-life/ddguarantee/ddguarantee.pdf' target='_blank'>Direct Debit Guarantee</a> for terms & conditions of this agreement.</p>",
      "buttonAccessibilityDescription": "changes to your direct debit details",
      "submissionError": "Sorry, we can't process your request right now due to technical issues. You can contact us using our secure message service or by calling us.",
      "accountDetailsText": "<p>Instruction to your bank or building society to pay by direct debit.</p>",
      "disclaimer": "<p>Please note, it can take up to <strong>six working days</strong> for this change to take effect.</p>",
      "accountDetailsTextRetailProtection": "<p>If someone else is paying the premiums on this policy (somebody other than the person/people covered by this policy) then we need a bit more information as we can't currently process these online.</p><p>Please call <a href=\"tel:03700600044\">03700 600044</a>, Monday to Friday, between 9.00am and 6.00pm.</p><p>Call charges will vary and we may record and monitor calls.</p><br/>",
      "inputs": {
        "amount": {
          "labelDescription": "Please change my regular contribution to:",
          "helpDescription": "Please enter your regular contribution with a minimum of £20.00",
          "validationErrors": {
            "required": "Please enter a regular contribution.",
            "pattern": "Please enter the amount in pounds and pence.",
            "equalContribution": "This is the same amount as your current regular contribution. Please enter a new amount.",
            "belowMinimum": "Please enter an amount of £20.00 or more",
            "aboveMaximum": "Please enter an amount of £999,999,99.99 or less"
          }
        },
        "accountNumber": {
          "label": "Account number",
          "helpDescription": "Must be 8 digits. If your account number is 7 digits, add a zero before the first number. If the number is over 8 digits, ask your bank which 8 digits are required.",
          "validationErrors": {
            "required": "Please enter an 8 digit account number.",
            "pattern": "Please enter an 8 digit account number."
          }
        },
        "sortCode": {
          "label": "Sort code",
          "helpDescription": "Must be 6 digits",
          "validationErrors": {
            "required": "Please enter a 6 digit sort code."
          }
        },
        "accountHolderName": {
          "label": "Name of account holder",
          "validationErrors": {
            "required": "Please enter the name of the account holder.",
            "pattern": "The account holder name should start with a letter and only contain letters, spaces, apostrophes and hyphens."
          }
        },
        "day": {
          "helpDescription": "Select the date you'd like your premiums to be collected. Please note that if you select a date that does not appear at the end of every month, for example the 31st, on those months with less than 31 days, your premium will be collected on the 1st of the following month. Should your preferred collection date fall on a non-working day, for example a bank holiday or weekend, your premium will be collected on the next working day.",
          "labelDescription": "New collection day",
          "validationErrors": {
            "required": "Please select your preferred collection day."
          }
        }
      }
    },
    "confirmation": {
      "title": "Confirmation",
      "text": "​​​​Thank you for your request to change your Direct Debit details.",
      "additionalTitle": "What happens next?",
      "additionalTextLine1": "Your request to change your bank details is being processed and you will receive a letter to confirm this shortly.",
      "buttonLabel": "Back to My Account"
    }
  },
  "requestNaturalIncome": {
    "title": "Request natural income",
    "form": {
      "heading": "Request natural income",
      "information": "<p>Assets held by funds generally pay an income, such as dividends from shares, interest from fixed interest securities and rent from commercial property. This income is normally built up in a fund to benefit its overall value. Some funds allow you to receive payments that will go up or down based on this accumulated income. This is called natural income and the natural income payments are called 'distributions'.</p><p>At the end of every May and November we announce a 'distribution rate' for each fund that can pay natural income. The rate is what we decide represents an appropriate amount of the income built up in the fund to be distributed.</p><p>You can choose to take twice yearly income with each distribution paid to you in June and December, or monthly income with each distribution spread out over six months, so that you receive your income monthly.</p><p>To see which funds are able to pay natural income on your bond, please see your Funds Key Features or your Policy Provisions. For more information on natural income, please see your Product Guide or Policy Provisions. You can also contact us if you have any questions.</p><p>To take natural income:</p><ul class='list'><li>You can only invest in funds that can pay natural income and you must take natural income from all of them. No other type of regular withdrawal can be paid at the same time as natural income. If you have a Select Portfolio Bond or a Portfolio Bond, this applies for each investment you make into your bond.</li><li>We'll switch you into distributor units to pay natural income and you must hold distributor units five or more working days before the date the distribution rate is announced.</li><li>This request must be confirmed by all policyholders/owners/trustees. Unless you are the sole policyholder, we'll contact all other policyholders for them to confirm this request. Until we have this confirmation we won't be able to start your request.</li><li>There are some requests we can't process straight away, we may need to contact you for more information before we can start to work on your request. If we need to contact you for more information, we'll aim to do this within 5 working days. If we have everything we need to start your request we'll complete this within 14 working days.</li></ul><h2>Important information</h2><ul class='list'><li>The amount of natural income you receive can go up or down and is not guaranteed. It is based on the income generated by the assets held by the fund and the distribution rate we declare.</li><li>If the amount of natural income and any other amounts you cash in are greater than the growth of your bond, your bond's value will fall.</li><li>If you take cash, income or pay any facilitated adviser charges from your bond, and you take more than 5% of the amount you invested each policy year, you may have some tax to pay. Please see your Product Guide or Policy Provisions for more information, or contact us.</li><li>Before you take money from your bond you should speak to your adviser. If you don't currently have a financial adviser, you can find one in your area by visiting <a href='https://www.unbiased.co.uk/' target='_blank'>unbiased.co.uk</a></li></ul>",
      "buttonAccessibilityDescription": "your request for natural income",
      "submissionError": "Sorry, we can't process your request right now due to technical issues. You can contact us using our secure message service or by calling us.",
      "inputs": {
        "frequency": {
          "helpDescription": "Please choose the natural income payment frequency.",
          "validationErrors": {
            "required": "Please choose the natural income payment mode."
          }
        },
        "accountNumber": {
          "helpDescription": "If your account number is only 7 digits (e.g. some Lloyds TSB account numbers), add a zero before the first number. If the number is over 8 digits, ask your bank which 8 digits are required.",
          "validationErrors": {
            "required": "Please enter an 8 digit account number.",
            "pattern": "Please enter an 8 digit account number."
          }
        },
        "sortCode": {
          "helpDescription": "Please enter a 6 digit sort code.",
          "validationErrors": {
            "required": "Please enter a 6 digit sort code.",
            "pattern": "Please enter a 6 digit sort code."
          }
        },
        "accountHolderName": {
          "helpDescription": "Please enter the name of the account holder.",
          "validationErrors": {
            "required": "Please enter the name of the account holder.",
            "pattern": "The account holder name should start with a letter and only contain letters, spaces, apostrophes and hyphens."
          }
        }
      }
    },
    "confirmation": {
      "title": "Confirmation",
      "text": "Thank you for your request to start natural income from your bond.",
      "additionalTitle": "What happens next?",
      "additionalTextLine1": "Please remember to send any additional information such as copy of a bank statement for the account or obtain authority from any additional policy owners if required.",
      "additionalTextLine2": "If we have everything we need to start your request we'll complete this within a maximum of 14 working days. If we need more information from you, we'll contact you before we start your request for natural income. If we need to contact you for more information, we'll aim to do this within 5 working days.",
      "buttonLabel": "Back to My Account"
    }
  },
  "requestAnOptionsPack": {
    "title": "Request an Options Pack",
    "form": {
      "heading": "Request an Options Pack",
      "information": "You are about to request an Options Pack. Please click Confirm to continue.",
      "buttonAccessibilityDescription": "the request for an Options Pack",
      "submissionError": "Sorry, we can't process your request right now due to technical issues. You can contact us using our secure message service or by calling us."
    },
    "confirmation": {
      "title": "Confirmation",
      "text": "Thank you for your request for an Options Pack.",
      "additionalTitle": "What happens next?",
      "additionalTextLine1": "We'll send the information pack to you.",
      "additionalTextLine2": "In some cases, we may need to contact you for more information before we can action your request.",
      "buttonLabel": "Back to My Account"
    }
  },
  "requestATransferInForm": {
    "title": "Request a transfer form",
    "form": {
      "heading": "Request a transfer form",
      "information": "You are about to request a transfer form. Click Confirm to continue.",
      "buttonAccessibilityDescription": "the request for a transfer form",
      "submissionError": "Sorry, we can't process your request right now due to technical issues. You can contact us using our secure message service or by calling us."
    },
    "confirmation": {
      "title": "Confirmation",
      "text": "Thank you for your request for a transfer form.",
      "additionalTitle": "What happens next?",
      "additionalTextLine1": "We'll send the form to you or let you know if there is a restriction.",
      "buttonLabel": "Back to My Account"
    }
  }
}
