{
  "barclays": {
    "commonQuestionsFileName": "barclays-common-questions.json",
    "content": {
      "logoFilePath": "/assets/img/landg-logo.svg",
      "marketingOptionsEnabled": false,
      "loggedOut": {
        "message": {
          "brandIcon": "thumbs-up",
          "heading": "You've successfully logged out"
        },
        "primaryButton": "Log in again",
        "secondaryButton": "Barclays homepage",
        "secondaryButtonLink": "https://www.barclays.co.uk",
        "domain": "barclays"
      }
    }
  },
  "landg": {
    "commonQuestionsFileName": "common-questions-landg.json",
    "content": {
      "logoFilePath": "/assets/img/landg-logo.svg",
      "marketingOptionsEnabled": true,
      "showRewards": true,
      "loggedOut": {
        "message": {
          "brandIcon": "thumbs-up",
          "heading": "You've successfully logged out"
        },
        "primaryButton": "Log in again",
        "secondaryButton": "Legal & General homepage",
        "secondaryButtonLink": "https://www.legalandgeneral.com/"
      }
    }
  },
  "nationwide": {
    "commonQuestionsFileName": "common-questions-nationwide.json",
    "content": {
      "logoFilePath": "/assets/img/landg-logo.svg",
      "marketingOptionsEnabled": false,
      "loggedOut": {
        "message": {
          "brandIcon": "thumbs-up",
          "heading": "You've successfully logged out"
        },
        "primaryButton": "Log in again",
        "secondaryButton": "Nationwide homepage",
        "secondaryButtonLink": "https://www.nationwide.co.uk",
        "domain": "nationwide"
      }
    }
  },
  "sainsburysbank": {
    "commonQuestionsFileName": "common-questions-sainsburysbank.json",
    "content": {
      "logoFilePath": "/assets/img/landg-logo.svg",
      "marketingOptionsEnabled": false,
      "loggedOut": {
        "message": {
          "brandIcon": "thumbs-up",
          "heading": "You've successfully logged out"
        },
        "primaryButton": "Log in again",
        "secondaryButton": "Sainsbury's Bank homepage",
        "secondaryButtonLink": "https://www.sainsburysbank.co.uk/",
        "domain": "sainsburysbank"
      }
    }
  }
}
