[
  {
    "id": "product-details-tax",
    "type": "need-help",
    "positions": ["right"],
    "pages": ["annuityLifetime", "annuityCORP", "annuityPRT", "annuityFTRP"],
    "title": "Questions about tax?",
    "iconName": "query",
    "content": {
      "text": "As we don’t have a full picture of your income, you should contact HMRC for any specific tax queries:"
    },
    "contacts": [
      {
        "iconName": "call",
        "path": "tel:0300 200 3300",
        "text": "Call HMRC on 0300 200 3300",
        "disclaimerText": "Please check opening times on the <a href=\"https://www.gov.uk/government/organisations/hm-revenue-customs/contact/income-tax-enquiries-for-individuals-pensioners-and-employees\" target=\"_blank\">HMRC website</a>."
      }
    ]
  },
  {
    "id": "widget-pension-guides",
    "title": "Handy pension guides",
    "positions": ["right"],
    "type": "simple",
    "content": {
      "list": [
        {
          "text": "Discovering a lost pension pot",
          "link": "https://www.moneyadviceservice.org.uk/en/articles/trace-lost-pensions-and-request-pension-forecasts",
          "icon": "document"
        },
        {
          "text": "The Money Advice service",
          "link": "https://www.moneyadviceservice.org.uk/en/articles/free-printed-guides#pensions",
          "icon": "document"
        },
        {
          "text": "State pension calculator",
          "link": "https://www.gov.uk/state-pension-age",
          "icon": "chart-bar"
        }
      ]
    },
    "pages": [
      "personalPension",
      "selfInvestedPersonalPension",
      "stakeholder",
      "groupPersonalPensionPlan"
    ]
  },
  {
    "id": "widget-tax-certificates",
    "title": "Tax certificates",
    "positions": ["right"],
    "type": "simple",
    "content": {
      "text": "<p>​If you require a tax certificate, please send us a secure message using the 'Send a message' button above and we will be happy to arrange it.</p>"
    },
    "pages": [
      "personalPension",
      "selfInvestedPersonalPension",
      "stakeholder",
      "groupPersonalPensionPlan"
    ]
  }
]
